{
    "name": "Tester",
    "level": 1,
    "exp": 0,
    "job": 0,
    "stats": [
        {
            "type": 0,
            "statValue": 8
        },
        {
            "type": 1,
            "statValue": 4
        },
        {
            "type": 2,
            "statValue": 4
        },
        {
            "type": 3,
            "statValue": 50
        }
    ],
    "baseObject": {
        "instanceID": 36814
    },
    "playerIndex": 0,
    "scene": 2,
    "currentPlayerPos": {
        "x": -32.7467041015625,
        "y": -0.9571113586425781,
        "z": -23.38604736328125
    },
    "currentPlayerRot": {
        "x": 0.0,
        "y": -0.2409806102514267,
        "z": 0.0,
        "w": 0.9705299735069275
    },
    "isDead": false,
    "acceptQuest": []
}